year,county_count,remote_work_mean,broadband_mean,digital_emp_mean,unemployment_mean
2017,3142,0.04803161509505289,0.6992072722507464,0.08392047394812162,0.06364135586673046
2018,3142,0.049741263087516585,0.726901966441843,0.08393370990818873,0.05773796397973448
2019,3142,0.051151870901869935,0.7539901311621667,0.08393885975330649,0.052925595076187174
2020,3143,0.060127010503146186,0.7854470003802024,0.08540641132501409,0.051973078129131885
2021,3143,0.07013945018643078,0.8054085918006603,0.08632751606937558,0.05232998298098322
2022,3144,0.07914411829429785,0.8244571786955669,0.08795303066812694,0.049505453576489694
2023,3144,0.08788948687900217,0.8434989977370455,0.08991769975824965,0.047425040252450514
