,remote_work_share,broadband_sub_share,digital_emp_share,unemployment_rate,median_hh_income
remote_work_share,1.0,0.3934552096112592,0.35925018571393214,-0.2497780994702466,-0.0268272977273506
broadband_sub_share,0.3934552096112592,1.0,0.4911927663151791,-0.3595359634375779,-6.118839783548332e-05
digital_emp_share,0.35925018571393214,0.4911927663151791,1.0,-0.19031934470469922,0.017673458744104253
unemployment_rate,-0.2497780994702466,-0.3595359634375779,-0.19031934470469922,1.0,0.02535384825898974
median_hh_income,-0.0268272977273506,-6.118839783548332e-05,0.017673458744104253,0.02535384825898974,1.0
